1;Lauren;Blackburn;1944-08-01;+32 5 614 93 52
2;Denise;Farmer;1945-03-24;+32 8 905 55 62
3;Ryan;Davis;1969-10-03;+32 2 575 17 86
4;Robert;Delgado;1954-04-20;+32 8 686 88 28
5;Jacob;Nelson;1950-01-18;+32 9 908 63 49
6;Karen;Hopkins;1966-09-26;+32 7 874 66 21
7;Ross;Santos;1954-11-23;+32 2 290 96 26
8;Kenneth;Jones;1945-05-07;+32 3 735 58 40
9;Jonathan;Pham;1984-09-27;+32 4 492 31 65
10;Bradley;Frazier;1964-06-05;+32 5 344 77 11
11;Kimberly;Rivera;1961-04-14;+32 9 171 99 32
12;Michael;Reyes;1954-12-01;+32 7 765 40 44
13;Deanna;Jones;1979-12-03;+32 2 386 78 39
14;Wendy;Yates;1986-11-07;+32 3 683 56 89
15;Taylor;Morrison;1976-08-05;+32 3 640 27 48
16;Ryan;Branch;1968-04-05;+32 6 993 13 26
17;Amanda;Brown;1992-09-02;+32 3 805 98 28
18;Chelsea;Guzman;1956-09-21;+32 8 508 98 78
19;Angela;Stewart;1959-08-28;+32 4 659 47 49
20;Alexander;Oneal;1999-01-19;+32 4 654 50 71
21;James;Parker;1968-03-23;+32 7 448 73 95
22;Marissa;Reid;1947-03-15;+32 5 546 84 68
23;Lisa;Johns;1946-01-10;+32 3 625 58 84
24;Dominic;Smith;1964-11-21;+32 8 980 75 46
25;Terri;Benitez;1961-03-21;+32 8 472 14 62
26;Susan;Deleon;1977-02-18;+32 9 925 16 84
27;Luis;Castillo;2006-12-12;+32 5 801 76 77
28;Susan;Aguilar;1983-09-05;+32 6 820 38 82
29;Robert;Barrett;1959-06-20;+32 8 744 86 80
30;Candice;Smith;1946-07-12;+32 7 175 26 84
31;Faith;Clark;1992-06-19;+32 4 381 11 50
32;Daniel;Murphy;1944-09-25;+32 7 643 97 73
33;Courtney;Baxter;1981-09-24;+32 5 351 21 76
34;Warren;Jones;1994-06-11;+32 4 120 87 84
35;Sarah;Rodgers;2001-11-06;+32 3 488 72 89
36;Melissa;Reed;2006-06-08;+32 8 756 91 56
37;Jonathan;Boyle;1948-03-16;+32 4 644 78 28
38;Jacob;Anderson;1998-05-11;+32 4 540 33 53
39;Cristina;Sherman;1972-11-14;+32 9 960 88 76
40;Christopher;Petty;1957-02-17;+32 7 363 38 47
41;James;Boyd;1945-11-21;+32 9 168 67 19
42;Pamela;Harmon;1988-12-27;+32 4 176 68 20
43;Chloe;Lopez;1962-12-31;+32 8 691 26 53
44;Jeffrey;Williams;1984-02-06;+32 4 470 45 94
45;Matthew;Blair;1970-09-06;+32 9 736 13 95
46;Amanda;Miller;1964-02-11;+32 3 428 11 47
47;Audrey;Huang;1966-08-24;+32 8 983 35 95
48;Sylvia;Chambers;1968-10-11;+32 5 546 87 20
49;Maria;Pitts;1953-04-04;+32 2 955 21 35
50;Juan;Garcia;1946-12-05;+32 5 836 92 11